name,job,company,salary,credit_card_number,credit_card_expire
Leah_Wheeler,Media planner,"Hester, Blair and Gibson",1450,6522381826992844,02/26
John_Barber,Hydrogeologist,Coleman PLC,5065,180072577732689,05/30
Jamie_Berger,Company secretary,"Hall, Lamb and Smith",2766,588178303537,10/27
Timothy_Valenzuela,Pharmacologist,"Alexander, Nguyen and Miller",3972,3536979336358801,01/28
Anthony_Shields,Radio broadcast assistant,"Butler, Adams and Rogers",9231,3550504784122797,07/25
Jessica_Carroll,Manufacturing engineer,Morris-Cooper,7249,3589706453830445,04/33
Julia_Duncan,"Engineer, land",Best-Shaffer,8636,348855473858981,10/32
Russell_Allen,Drilling engineer,"Johnson, Ward and Brown",4250,4113768704072675,04/30
Mark_Cox,Jewellery designer,Garcia-Nolan,3666,340317683670381,03/25
Chad_Moreno,Printmaker,"Pierce, Gray and Cook",7490,4770433700840,04/27
Terry_Chang,Pathologist,Smith LLC,9850,4241578581314545,10/24
Amy_Evans,Armed forces operational officer,"Norris, Smith and Moran",4587,3524072527984959,06/28
Leah_Castaneda,Public relations account executive,"Hodges, Roberts and Gonzales",9180,4876698783062080,05/29
Deborah_Griffin,Actor,Frederick Group,1682,3528449178206666,03/33
Janice_Mitchell,"Therapist, occupational",Wells-Holmes,4595,4919331185311082,04/24
Katrina_Wallace,"Designer, interior/spatial",Kim Inc,2028,4372780752033802,07/32
Mr._Brent_Foster,"Scientist, clinical (histocompatibility and immunogenetics)","Lambert, Olson and Anderson",6002,4745845581075231,08/31
Barbara_Chambers,Clothing/textile technologist,Powell-Taylor,5606,2385375795920534,06/33
Corey_Henry,Investment analyst,Best-Patterson,8362,4315151898895845,07/27
Michael_Young,"Therapist, music",Mercado Group,2847,4936369854766292,03/28
Brian_Lara,Government social research officer,"Mccoy, Lewis and Ingram",7497,3526549751355210,07/33
Sheryl_Hancock,Landscape architect,Wilcox-Smith,4777,349023405604374,12/26
Lauren_Barry,"Biochemist, clinical",Yang Ltd,5979,4503477792773800,07/32
Jill_Maynard,Legal secretary,"Bray, Chen and Ingram",4825,3525106369314229,08/26
Timothy_Meyers,Field seismologist,"Barrett, Wells and Frederick",6848,213182839055364,05/30
Sue_Chambers,Translator,Rhodes-White,9705,4148687730072491918,10/31
Donna_Sims,Risk analyst,Miller-Waters,2930,4496268141799,08/32
Kimberly_Weiss,International aid/development worker,Johnson Inc,1270,373781741475952,08/26
Kenneth_Doyle,"Social research officer, government",Wolf LLC,1984,4441217428083520,02/30
John_Murphy,Warden/ranger,Nelson PLC,2466,4780892146403975,04/31
Krystal_Stevens,"Librarian, public",Sheppard-Frey,4770,2658715078870114,05/30
Monique_Bishop,Medical technical officer,Tran-Rodriguez,6000,3512618511650347,01/26
Laura_Jarvis,"Education officer, community",Owens-Berg,5590,371708361131583,11/31
Rebecca_Haas,Trade mark attorney,Tucker-Powell,2393,4602735080374478,07/31
Christopher_Bailey,"Surveyor, building",Peters LLC,7245,4018761437767454946,11/29
Amanda_Lee,Chartered management accountant,"Freeman, Caldwell and Hood",7204,4696538970581393,05/31
Tiffany_Pierce,Teaching laboratory technician,"Robinson, Harrison and Weaver",1153,374317945504799,11/27
James_Bridges,Medical sales representative,Finley-Mendoza,9623,502017363362,05/29
Chad_Valdez,Tourism officer,Willis Group,2673,4879722226312048,04/31
Leslie_Craig,"Surveyor, planning and development","Avila, Ortiz and Harris",6986,3586398482347386,07/26
Sean_Acevedo,"Copywriter, advertising","Mcgee, Wilkins and Brennan",7915,4317800297137690,09/33
Sarah_Daniel,Adult guidance worker,Gilbert Inc,4178,30423821782412,04/31
Meghan_Perkins,Adult nurse,Parker Group,7463,2290946132793489,09/30
Joseph_Dunn,Data processing manager,Howard-Mercer,4668,4155954466044057,11/26
Anna_Bailey,Quarry manager,Shaw Inc,9602,3572708249568643,05/31
Michael_Clark,"Designer, exhibition/display",Rodriguez-Tapia,5369,213144303152333,09/25
Brittany_Cook,"Surveyor, insurance",Montgomery Ltd,3896,4113849658877382,12/31
Darrell_Horne,Communications engineer,"Nelson, Oneill and Morris",4990,343901207994216,12/29
Krystal_Rojas,Estate manager/land agent,Lopez Group,6940,30202717638791,03/25
Sarah_Barber,Chief Operating Officer,Hogan LLC,6233,6011634157424904,02/25
Caitlin_Torres,Radio producer,Mcdonald-Miller,6047,2257406504667986,11/33
Erik_Banks_MD,"Investment banker, operational","Woods, Thompson and Gibson",5881,4838202286455482,03/25
Desiree_Campbell,Maintenance engineer,"Knox, Wilson and Hall",1458,180059865539645,05/29
Michele_Jones,Legal executive,"Lambert, Morgan and Ryan",8782,180050672762520,07/31
Richard_Green,Herbalist,Love and Sons,3954,213137365338360,02/31
Garrett_Olson,"Psychologist, clinical",Horn-Morales,6185,503874088522,05/27
Lisa_Norton,Product designer,"George, Hobbs and Brown",3974,3530598092709993,02/27
Courtney_Dorsey,Midwife,Perry LLC,4188,346174697165294,11/33
Thomas_Wilcox,Tourism officer,"Manning, Walsh and Smith",3746,36059432460156,06/28
Laurie_Rojas,Mechanical engineer,Chang LLC,1876,4647521928415120,07/27
Victoria_Rodriguez,"Engineer, civil (contracting)","Diaz, Rogers and Smith",3344,503848740794,07/26
Michael_Jones,Tourist information centre manager,"Cardenas, Greene and Hansen",4793,348142639304311,07/31
Patrick_Strong,Network engineer,Spencer-Williams,1494,344501564575449,08/28
Julia_Perry,Physiotherapist,"Mcintyre, Farley and Barton",3104,3581706138143147,07/31
Kevin_Smith,Industrial buyer,Ingram Inc,9354,4380416602442337,04/30
Christopher_Scott,Health service manager,"Stuart, Rodriguez and Payne",8386,503801651848,09/27
Kyle_Houston,"Horticulturist, amenity","Morgan, Richards and Becker",6380,4186883774426156,05/31
Michael_Burch,Food technologist,Hill-Powell,2500,3541278878596081,11/25
Mary_Combs,"Psychologist, counselling",Armstrong PLC,8803,180037494434677,03/30
Maureen_Rodriguez,Sports administrator,Rhodes Inc,4395,30022136066360,01/30
Maria_Adams,Tourist information centre manager,Bailey-Barnett,5864,4068039590825443,04/32
Alexander_Carter,Radio broadcast assistant,Vasquez-Blanchard,6616,576787923019,10/27
David_Lopez,Production engineer,Marsh-Ramos,4384,348930037129946,02/33
Cameron_Dunn,Dancer,"Beck, Bates and Howard",8281,3509450482059745,04/25
Paige_Johnson,Outdoor activities/education manager,Perez-Ortiz,9610,4250790653666235,01/31
Travis_Garcia,"Designer, ceramics/pottery","Bates, Day and Golden",7208,578015068948,10/28
Sandra_Benton,Public affairs consultant,Baker Group,8455,2238954194382014,07/27
Scott_Davis,"Teacher, English as a foreign language",Pineda and Sons,5508,4878681800135756,08/33
Alexa_Jones,Broadcast journalist,"Velasquez, Young and Garcia",3396,2225862798134076,06/33
Christopher_Lara,"Programmer, multimedia","Harper, Thompson and Phillips",9460,213129319478566,09/28
Robert_Allen,"Psychologist, forensic",Robinson-Nicholson,6915,4633056665778589397,10/28
Kevin_Thompson,Site engineer,Johnson PLC,6732,4766018152113709639,11/26
Adam_Wilson,Dentist,"Moore, Rosales and Goodman",6904,30110171851240,05/31
Janice_Maldonado,Video editor,Martinez Inc,5846,3518092598344238,04/33
Diane_Williams,"Designer, jewellery","Wallace, Richard and Holland",2899,30533942269162,09/32
Michael_Thomas,Risk manager,Delacruz PLC,3147,180017888288574,01/29
Mr._Anthony_Scott_Jr.,Museum/gallery exhibitions officer,"Rodriguez, Kelly and Reyes",7869,6011656497157142,03/29
John_Hutchinson,Radio producer,Adams-Harrington,5905,501832393380,03/30
Kelly_Ramos,"Copywriter, advertising","Bauer, Peck and Meyer",5413,4296644735443697498,11/25
George_Wilson,Museum/gallery exhibitions officer,"Smith, Braun and Hill",1624,4747398364911720474,06/29
Michelle_Turner,"Teacher, English as a foreign language",Mcintosh Group,9894,2720255994583123,09/31
Kirsten_Scott,Data scientist,"Lynch, Brown and Houston",6943,4271222217081144,04/24
Eric_Thomas,Magazine journalist,Roberts-Smith,3955,2370272108604474,01/24
Amy_Guzman,Tax adviser,Kim-Miles,1356,4566232179340259306,07/31
Brianna_Rhodes,"Therapist, art",Romero-Moreno,1903,2296261275575733,01/29
Jeffrey_Pena,Retail merchandiser,Arnold Group,3411,2442593493888693,05/26
Kevin_Drake,"Engineer, communications","Mcgee, Burton and Martin",9582,4448591574160093643,03/32
Marcus_Barber,Public affairs consultant,"Willis, Mitchell and Nguyen",9329,4522333786592065644,09/29
Kathryn_Edwards,Planning and development surveyor,"Navarro, Patterson and Robinson",7624,4013941214973283,12/27
Matthew_Johnston,Environmental education officer,Gardner and Sons,4734,4916107525151610210,09/30
Ethan_Thomas,Print production planner,Padilla and Sons,4448,3523875625800724,03/27
Vickie_Bridges,"Designer, furniture","Lopez, Sullivan and Davis",9889,4243674361180434,02/27
Sally_Ramirez,Building services engineer,"Jones, Mcdaniel and Cruz",4343,347421550052070,09/31
Samantha_Moore,Operations geologist,"Gillespie, Anderson and Garcia",7540,6011724299117936,06/32
William_Johnson,"Radiographer, diagnostic",Rollins-Jenkins,8603,4390520470438091,02/33
Kristi_Ballard,"Therapist, music","Reid, Campbell and Johnson",7798,4653503426447079,06/33
Richard_Warner,"Engineer, broadcasting (operations)","Curry, Burnett and Bennett",9817,3511374413565214,06/25
Richard_Garcia,Theatre manager,"Little, Lucas and Obrien",3712,4280238503617317,07/27
Laura_Rivera,Commissioning editor,"Greer, Thompson and Johnson",6820,6572155516329288,12/32
Robert_Garner,Insurance underwriter,"Henderson, Allen and Thompson",6356,4266766321924,08/25
James_Gallegos,Multimedia specialist,Gill-Oliver,1855,30593869058881,06/28
Cheryl_Garner,"Therapist, horticultural",Chavez LLC,4333,4946498295583050567,01/30
Jason_Young,Animal technologist,Sims LLC,5889,349232760863521,05/29
Ryan_Winters,"Designer, ceramics/pottery",Lane and Sons,2211,30126035662342,10/24
Lauren_Rios,Energy manager,Nelson Ltd,4741,4776776280888698876,07/31
Sherry_Long,Armed forces training and education officer,Barnett and Sons,9936,4538275262533798,10/24
Juan_Ruiz,"Nurse, children's","Mendoza, Hodges and Cobb",3988,4238880698136216,02/26
Carl_Peterson,Barrister's clerk,Hines-Johnson,7295,30030810642281,06/32
Jacob_Brown,"Accountant, chartered management","Thornton, Lam and Hill",5834,3540099639796708,03/27
Susan_Preston,"Accountant, chartered certified",Stark-Alexander,3391,4373185672264751,07/28
Mr._Andrew_Johns_DDS,Site engineer,Phelps Inc,9861,4156202780366080,08/32
Michele_Kline,Mining engineer,"Beasley, Mendoza and George",9603,4832159833141607593,01/26
Terry_Anderson,Horticultural consultant,Tran-Jones,7314,3593197324414771,12/25
Samantha_Gallegos,"Development worker, international aid",Schroeder-Hudson,3112,4332082752323120,11/30
Samantha_Flores,Futures trader,Holland Group,7851,5208408969365729,10/27
Ricardo_Sawyer,Ambulance person,"Hendrix, Hernandez and Bentley",5702,4097941895675750,03/29
Dustin_Cross,Fine artist,Hamilton-Phillips,3966,345571093601254,12/32
Joshua_Buck,Sub,Atkinson-Lopez,9846,213152069573964,04/30
Timothy_Wolfe,"Engineer, civil (consulting)","Garza, Hammond and Parker",3959,375876925424079,07/30
Michele_Simmons,Adult nurse,Gregory Ltd,6674,6561642298204139,07/28
Daniel_Santos,Barrister's clerk,"Bernard, Leon and Kim",2807,3597710536326769,04/32
Bryan_Roberts,Environmental manager,Hayes-Avila,2921,6011687476121841,10/31
Marco_Holloway,Interior and spatial designer,"Mcdonald, Nunez and Moreno",7023,213101447712596,09/30
Richard_Carter,Office manager,Parsons Ltd,7568,5205302704146168,03/28
Erica_Wright,"Pilot, airline",Stevens-Lowe,9275,4363339051629298,10/28
Eric_Kelly,Hospital doctor,"Kramer, Riley and Byrd",2998,6509310252620469,01/31
Richard_Brown,Chiropodist,Martinez-Thompson,9953,4231084349764776,11/33
Amy_Davenport,Clinical research associate,"Sanchez, Swanson and Perkins",4401,6566111662659356,03/33
Dylan_Duncan,Statistician,"Martinez, Kim and Campbell",7347,501836967361,11/31
Steven_Anderson,"Psychologist, sport and exercise","Robinson, Reese and Prince",6783,371818857932178,04/26
Raymond_Williams,"Conservation officer, nature",Davis-Bradford,3674,4693601391947,12/24
Linda_Ellis,"Surveyor, insurance",Sanchez-Johnson,3943,30574481394292,06/29
Melissa_Davis,Social researcher,Hamilton and Sons,9353,4244496077823949747,09/25
Dr._Kevin_Rios_DDS,Ship broker,"Bishop, Dalton and Davis",9448,676105848094,05/28
Thomas_Vaughn,Brewing technologist,Mcpherson-Barrera,9045,5281010857243958,07/30
James_Herrera,Chief of Staff,Davis Group,5859,581365142339,07/26
Jennifer_Kelly,Broadcast engineer,Perez-Anderson,1101,4171101189929343,12/29
Andrea_Nelson,"Surveyor, land/geomatics",Hunter-Flores,5025,4366770815753668,09/25
Kim_Stewart,"Producer, radio",Burke-Freeman,7451,4695236136049865,09/33
Stanley_Pacheco,Emergency planning/management officer,Pugh LLC,3207,2242223724223773,09/30
Patricia_Velazquez,Prison officer,Nielsen-Oconnor,9285,4721478124949221,09/25
John_Ferguson,Editorial assistant,Steele-Richardson,6034,3502664099118044,05/27
Jennifer_Hall,Operational investment banker,Jimenez Ltd,8973,4763853616691508,07/29
Nancy_Mosley,Personnel officer,"Brown, Walsh and Benitez",8899,30192536186892,02/28
Stephen_Kirk,Social researcher,Young-Stuart,3374,4889879806919,10/32
Duane_Smith,Tree surgeon,Harrington-Austin,9071,3585058934913000,09/32
David_Brewer,Geophysicist/field seismologist,Young Ltd,4002,4277424742536965408,02/25
Kevin_Nelson_DVM,Warehouse manager,"Graves, Byrd and Mullins",7746,5286284973548823,04/33
Cassandra_Brown,Chartered certified accountant,"Wilson, Kim and Norris",7803,375286965567805,12/28
Megan_Williams,Oceanographer,Norman LLC,4563,503858649349,07/24
Dustin_Brown,Theatre director,Bray-Chen,9211,4552499838767745,05/27
Dan_Martinez,Toxicologist,Reyes Ltd,8135,340566999871402,06/29
Janet_Moore,"Psychologist, sport and exercise",Macdonald Inc,9623,3550423510869151,04/31
Angela_Solis,"Psychologist, clinical",Pratt-Kemp,2568,2247557859002931,10/32
John_Weiss,Printmaker,Tate Ltd,1612,3580445341987807,11/28
Lori_Mitchell,Production manager,"Klein, Austin and Rivera",5249,4614082670484,10/24
Christopher_Pena,Freight forwarder,Woods-Davis,3061,3568807490263809,07/30
Steven_Taylor,Building surveyor,Martinez-Edwards,2083,4905037651568030715,08/29
Eric_Wright,Chief Technology Officer,"Hickman, York and Baker",3275,180013907149889,03/31
Andrea_Zimmerman,IT consultant,"Brown, Richards and Branch",2865,4114450976114214696,11/32
Michaela_Miller,Hydrologist,"Patterson, Ponce and Solomon",8243,6011170361531937,10/32
Brian_Christensen,Product manager,"Adams, Rodriguez and Johnson",7677,4726431074265614669,06/25
Christopher_Hanna,"Journalist, newspaper",Brown-Day,3763,4487764695417258,10/25
Dustin_Baldwin,IT consultant,"Smith, Andrade and Foster",8293,4221495224290397641,11/27
Stephanie_Gillespie,Fitness centre manager,"Alvarado, Martinez and Mccann",2636,4385219771972018,12/25
Charles_Jones,"Editor, commissioning",Hart Group,4084,4883356030275,03/33
Benjamin_Perry,"Therapist, nutritional","Payne, Chambers and Davis",7766,4215670245182,12/32
Adrian_Baker,Clinical research associate,"Roberts, Mayer and Jones",8848,345915656627414,03/24
Lawrence_Alvarado,Paramedic,Farley-May,6219,6011948437286382,08/24
Michelle_Sharp,Physiological scientist,"Bailey, Barry and Bailey",8162,4179132880625874,04/31
Elaine_Jones,"Sales professional, IT","Cabrera, Thomas and Baker",3156,180044883244899,03/24
Steven_Mathis,Chartered accountant,Anderson LLC,2524,4404397298907092,07/29
Sherri_Walker,"Accountant, chartered management","Thompson, White and Wallace",6613,180044576838023,02/28
Monique_Mccoy,Best boy,Johnson Inc,9843,4792703276608346320,01/27
Arthur_Glover,Actuary,Peters-Williams,7124,4039729858331597372,04/24
Alan_Dawson,Dispensing optician,Wilson-Valencia,3288,4811683716494509,02/24
Sarah_Perez,"Geneticist, molecular",Ray Ltd,7661,676260750358,10/27
Donald_Bryant,Social worker,"Dean, Ayala and Johnson",3013,2273217922966094,10/30
Eric_Hernandez,Clinical molecular geneticist,Robbins-Edwards,5008,4391887133273009668,01/24
Amanda_Rogers,"Engineer, energy",Black Ltd,1021,4211869915384893226,12/31
Paige_Branch,Broadcast engineer,Chung PLC,1906,4734576450300540,10/27
Christopher_Pham,Clinical molecular geneticist,"Lewis, Krause and Grant",6231,2709062683163067,01/31
Seth_Burton,Medical technical officer,Harrell Group,7538,213169525054827,06/24
Richard_Gray,Equality and diversity officer,Williams LLC,4779,371534585764334,05/32
Elizabeth_White,"Engineer, production","Figueroa, Crane and King",3987,373967357690964,12/27
Rachel_Lee,"Engineer, communications",West PLC,8195,3542050030680221,07/33
Jose_Shah,Water engineer,Porter-Lee,3185,3517632477970941,04/24
David_Dunn,"Radiographer, therapeutic",Flores Group,1424,4259843697030841524,06/25
Christopher_Jackson,Trading standards officer,James Inc,5983,5500647712711391,12/30
Julia_Alexander,Insurance risk surveyor,"Nelson, Bailey and Cruz",6423,4210362094484831,01/27
Rachel_Robinson,"Therapist, speech and language",Walsh-Davis,5705,6567998335116999,06/31
Christy_Chandler,Biomedical scientist,Hernandez Ltd,2860,213162540498392,08/31
Andre_Miles,"Designer, exhibition/display",Carter-Jones,8855,371804513668190,01/25
Patricia_Hamilton,Archaeologist,"Rivera, Neal and Ballard",1539,2331584322085415,04/27
John_Adams,"Journalist, newspaper",Campbell Inc,3671,4345284701147809,03/25
Paul_Alvarado,"Therapist, horticultural","Williams, King and Turner",4110,4326796150716225,08/33
Jeremy_Sanchez,Local government officer,Walker-Ramirez,3258,4707813089582517914,04/32
Ronald_Mendez,Marketing executive,Thomas and Sons,4567,4387463733600279,02/26
Thomas_Jimenez,Operations geologist,"Ortiz, Grant and Vazquez",5863,3597882323829626,03/32
Tim_Watts,Metallurgist,Best PLC,6851,4169709335767153,11/28
Rose_Jones,"Restaurant manager, fast food","Morales, Smith and Dennis",2185,4084061220122637,10/28
Colleen_Vargas,Advertising copywriter,"Oconnell, Russell and Burke",9849,3522851707600010,05/33
Catherine_Robinson,Chief Operating Officer,Conley LLC,7609,374249515378652,04/24
Rhonda_Flores,Sports coach,"Young, Santiago and King",7987,4018510585935794,06/28
Diane_Clarke,Quarry manager,Blair Group,7204,346602075970745,11/28
Malik_Durham,Retail banker,Olson Ltd,5100,2718797901625681,02/33
Carolyn_Martin,"Engineer, agricultural",Moore Ltd,1778,4336690921992694,10/29
Bryan_Newman,Brewing technologist,Johnson-Anderson,6874,344516026834770,08/27
Donald_Glenn,Fisheries officer,Baldwin-Shaw,2813,345997905998077,11/27
Emily_Miller,Early years teacher,Morales-Johnson,2731,342944589045323,02/28
Carolyn_Morales,Fish farm manager,"Davis, Dunn and Martin",6993,2347341180504157,07/26
Timothy_Rodriguez,"Engineer, agricultural",Simmons LLC,7558,676217362422,12/25
David_Valentine,"Therapist, nutritional",Allen-Foster,6345,4760301613633977,05/27
William_Johnson,Biomedical scientist,Turner-Gaines,9533,4598097871631954,03/25
Christy_Guzman,Archaeologist,Vargas-Lewis,9620,4419145671861,02/30
Michael_Chen,"Lecturer, further education",Norton LLC,8558,4030211228564455,01/30
Kyle_Thompson,Insurance underwriter,Pierce-Oconnor,7558,180030511635517,07/27
Jessica_Church,Magazine journalist,Garrett and Sons,2413,180065492341719,10/26
Misty_Hendrix,Retail banker,Ballard Ltd,8493,4805188966541,04/33
Justin_Thompson,"Scientist, research (life sciences)",Hale-Gaines,3685,4556502907276898,05/33
Paul_Franco,Immigration officer,Mcgrath LLC,4157,3524212204292132,04/32
Zachary_Hanson,Outdoor activities/education manager,Newman-Gibbs,2599,4094159853696543750,09/28
Clifford_Thomas,"Therapist, occupational",Miller Ltd,6903,4061348184316,08/27
Stephanie_Martin,Occupational hygienist,Barnes LLC,1004,2236455263346643,07/25
Anthony_Smith,"Nurse, mental health","Murphy, Newton and Walker",2934,213139399094803,01/32
Sarah_Newman_MD,"Teacher, early years/pre",Kelly-Ryan,3727,6591810025972898,03/31
Richard_Allen,Futures trader,"Ramirez, Smith and Shaw",7612,3532445658181969,08/30
Laura_Kelley,Science writer,Reynolds-Lopez,6057,2253642354675539,06/27
Stephanie_Jenkins,Technical author,Richards-Lynn,5728,4296938563728506,10/33
Nicole_Bailey,"Production assistant, television",Moran Inc,9317,3517243845214606,12/29
Joel_Hobbs,"Programmer, multimedia","Barrett, Melton and Nelson",4656,4855317029849664,03/30
Samuel_Frazier,"Programme researcher, broadcasting/film/video",Bradshaw Inc,3257,2255999211189221,11/24
Allison_Crawford,Financial adviser,Spencer-Johnson,4703,4895628135401,10/30
Todd_Brooks,"Production assistant, television",Watkins-Roth,3388,3572810686262407,02/30
Jennifer_Cline,Management consultant,Spence-Rose,4924,4261654462690,05/33
Joshua_Wheeler,Bookseller,Burke LLC,7477,3518037161056313,06/31
Toni_Bonilla,Armed forces logistics/support/administrative officer,Ward-Faulkner,3493,6011332215282006,12/32
Erik_Terry,Engineering geologist,"Arroyo, Collins and Rogers",5258,6011319123809707,03/31
Mia_Davila,Curator,Wagner Ltd,5267,180000669874572,03/28
Carlos_Wood,Occupational psychologist,"Patel, Cummings and Adams",8583,213151875084026,11/24
Thomas_Blankenship,Food technologist,"Parker, Roberts and Arnold",7832,3585735477737165,08/26
Mrs._Lisa_Ramirez,Manufacturing systems engineer,"Horn, Mcknight and Richardson",7180,3518475161592517,06/32
Juan_Gonzalez,Land,Whitehead Inc,4583,348852054722736,02/26
Bryan_Moore,Farm manager,"Johnson, Robles and Stone",8493,4807174660534,10/31
Joshua_Johnson,Museum/gallery curator,Smith-Carter,1524,4738895600456069,03/30
Barbara_Avila,Geophysical data processor,Chang LLC,3303,4873250997026,12/23
Alexis_Wood,Television/film/video producer,"Cruz, Long and Perez",4293,6011468301040542,12/24
Laurie_Macdonald,Television production assistant,"Trevino, Blake and Carter",8362,4826913756254,08/28
Steve_Sanders,Naval architect,Hernandez-Sanchez,3033,30053352119062,04/28
Michelle_Harrington,"Conservator, museum/gallery",Miller-Powell,2254,6011225197662643,06/25
Abigail_Adkins,"Nurse, learning disability",Murray-Williams,6678,6011389994037118,02/31
Leslie_Gonzalez,Make,"Stevens, Crosby and Griffith",2257,180022264962503,03/31
Larry_Gilbert,Speech and language therapist,Strickland-Rios,8991,213108027025216,06/27
Jason_Boone,Surgeon,"Allen, Brock and Hernandez",9734,30048208658636,05/31
Rachel_Riggs,Freight forwarder,Flowers Inc,4919,213137277181379,07/30
Shelia_Marshall,Commissioning editor,Boyd Ltd,6027,4461885759753,09/32
Kerry_Lopez,"Editor, commissioning","Davis, Garcia and Fernandez",5725,3504119506997710,02/29
Robert_Townsend,Town planner,"Herrera, Anderson and Jenkins",9382,5497624286297037,03/27
Brenda_Galloway,Chartered loss adjuster,Wagner-Castillo,5240,3558465019358220,05/32
Maria_Bishop,Magazine journalist,Turner-Reid,1204,5278295045366150,07/26
Vicki_Navarro,Transport planner,Brooks-Knox,3643,30143377527819,01/32
Melissa_Dunn,Pathologist,Edwards PLC,9741,30031511008178,02/33
Alexander_Schaefer_MD,Race relations officer,Huang Ltd,6714,213118471698178,01/30
Kyle_Figueroa,Optometrist,"Moore, Young and Benson",8093,676320649319,11/24
Alicia_Morrison,"Designer, blown glass/stained glass",Oneill-Perez,3202,2589268360663643,03/24
Mr._Nathan_George_PhD,Surgeon,"Mitchell, Young and Stewart",9331,3538762716505805,09/24
Tyler_Davis,Press sub,"Patel, Gray and Carey",6909,2633676314613066,09/32
Hannah_Payne,Press photographer,Brown-Padilla,6635,676234902176,12/26
Olivia_Williams,Probation officer,Savage PLC,1178,30017266611902,10/24
Laura_Torres,"Research officer, government",Young and Sons,2861,6011938635357259,09/31
Joshua_Dean,"Development worker, community",Phillips-Christensen,6803,3592016973002722,06/25
Molly_White,Health promotion specialist,Smith and Sons,1056,4527804277006046,07/24
Joseph_Rowe,"Radiographer, therapeutic",Sparks PLC,3309,6521472653622405,11/31
Jeffrey_Waller,Environmental education officer,Johnson PLC,3681,4080940902441866,07/29
Suzanne_Vega,"Buyer, retail",Mitchell and Sons,1115,060437792785,10/32
Amy_Mccann,Clinical research associate,Anderson-Ramirez,6361,4788131767759015,08/27
David_Harris,Chief Executive Officer,"Wiley, Mccarthy and Hebert",8721,6011931893195263,02/24
Robert_Johnston,"Education officer, environmental",Sherman-Garcia,2671,2717683402555307,05/29
Robert_Jackson_MD,Chief Marketing Officer,Jenkins and Sons,2443,4353648074353625,01/30
Jennifer_Lee,"Pharmacist, hospital",Walsh Inc,9688,3579190888135948,09/24
Mr._Jason_Alexander,"Surveyor, quantity",Patel-Thomas,5564,30241101742074,04/30
Cameron_Bradley,"Restaurant manager, fast food",Tate-Crawford,9611,4606469500379356358,09/32
Sara_Banks_MD,"Production assistant, television",Marsh Group,7626,375943385661580,12/25
Philip_Taylor,Accounting technician,Norris Group,8400,4836815989650517347,09/27
Jeffrey_Adams,Manufacturing engineer,Singh Inc,1975,503842573324,01/27
Christine_Davis,Database administrator,Evans PLC,8412,3590229677232006,02/29
Alicia_Carpenter,Sports administrator,Rosario and Sons,1551,4073574410166,08/32
Robert_Adams,Metallurgist,"Huang, Gates and Rollins",7731,6569406678075978,11/30
Michelle_Anderson,Warden/ranger,"Pugh, Davis and Anderson",3074,4339838625976055814,08/32
Kathleen_Taylor,Chartered certified accountant,Williams Ltd,6268,4421068189561335,03/27
Joseph_Walls,Housing manager/officer,Andrews-Alvarez,8095,348582307494334,06/25
Felicia_Taylor,"Conservator, furniture","Sloan, Thomas and Kelly",8661,4009341006471990,12/32
Elizabeth_Brown,"Surveyor, quantity","Butler, Love and Avila",1272,375085727627380,06/24
Michael_Anderson,Make,Gill-Rubio,9212,4494090508073083,01/25
Michael_Hughes,Contracting civil engineer,Davis-Ball,2631,180052271521455,11/27
Courtney_Brown,Risk analyst,Baker-Roach,4385,3560397654263611,06/28
Karen_Green,"Runner, broadcasting/film/video",Walker-Jenkins,5405,4628022595141886,04/25
Gregory_Stevens,"Surveyor, insurance","Thompson, Mcknight and Vasquez",2727,4148853567019374,03/25
Marcus_Juarez,Magazine features editor,Garcia-Schneider,3831,4638693443684,05/25
Elizabeth_Carrillo,"Scientist, research (physical sciences)","Shelton, Tran and Hicks",6549,2299597483762754,07/26
Lisa_Daniels,Outdoor activities/education manager,"Powell, Galvan and Baker",9945,4985202946637753045,07/25
Eric_Harris,Physiotherapist,Moore-Simmons,4305,30362093886057,01/32
Chris_Abbott,Computer games developer,Rivers-Burns,8044,3523453014009677,07/25
Karen_Rodriguez,Chief Executive Officer,"Foster, Green and Carter",1968,4444989852294,07/30
Alejandro_Mccoy,Recycling officer,Myers Ltd,7745,4345385160001245,02/29
Kelly_Pace,Environmental consultant,"Anderson, Richmond and Brown",9947,213100638769324,03/32
Matthew_Cook,Science writer,Newman-Mercado,8890,587764197253,09/27
Leroy_Brown,Pathologist,"Gutierrez, Hatfield and Warren",3720,3572621148578037,07/25
Mr._Jeremy_Johnson,Photographer,Holmes-Hogan,2143,4194681328942458,03/33
Jeffery_Smith,Research scientist (life sciences),Miller Inc,1376,4631029849723109,08/32
Michael_Benson,Medical secretary,Weaver-Cook,3024,4512729048925306,09/27
Jill_Gill,Early years teacher,"Williams, George and Lopez",8045,3560395731169611,03/28
Kristie_Lawson,Tax adviser,"Shaffer, Gonzales and Garza",2744,4853598602657583273,02/32
Adrian_Henry,"Engineer, electrical","Wells, Butler and Sutton",1677,2422609929642340,11/30
Roger_Phillips,Senior tax professional/tax inspector,"Clark, Washington and Keith",7751,213147761151341,04/32
Toni_Mitchell,"Designer, textile",Cruz LLC,3044,213188991580867,08/31
Angela_Reilly,Psychotherapist,Davis and Sons,4916,4331587660418094,08/24
Charles_Tanner,Tour manager,Davis-Hernandez,5798,5182265610420968,07/30
Stephanie_King,Aeronautical engineer,Phillips Group,9840,4374917098811,06/29
Jennifer_Barrett,Editorial assistant,Willis Ltd,1300,3553782793899541,01/24
Heather_Lewis,Sports administrator,"Bryant, Shaffer and Murphy",8403,180091591662664,09/24
Bianca_Stanton,Jewellery designer,"Farmer, Montes and Whitehead",9116,4234723433521,02/24
Jamie_Alvarez,"Engineer, biomedical",Robinson PLC,5081,4893789505405,09/33
Nicole_Adams,Advice worker,"Hernandez, Johnson and Bell",5996,6011693836092847,03/33
Tracy_Delgado,TEFL teacher,Leach-Cooper,2946,342314126172719,09/30
Steven_Hamilton,Site engineer,Shelton LLC,1464,372774626957286,04/31
Justin_Anderson,Careers adviser,"Chavez, Good and Rodriguez",2037,6011420061376186,03/30
Jerome_Nelson,Advice worker,Reilly-Vazquez,4025,4979782408691709,03/32
Dr._Kimberly_Jordan,Futures trader,"Johnson, Williams and Sullivan",8844,4094652043821705415,05/33
Thomas_Johnson,"Scientist, research (medical)","Harrison, Fry and Sutton",6828,4077205713573231,09/31
Mary_James,Communications engineer,Fisher-Perry,2373,3543280893503355,12/24
Regina_Thornton,"Loss adjuster, chartered","Smith, Mason and Boyd",7828,3514779483784551,11/31
Christopher_Miller,Product manager,Smith-Mooney,8379,6593444699892782,01/32
Amanda_Boyer,Fine artist,"Shea, Wagner and Walton",2921,5573159153679618,11/24
Samuel_Lawrence,Water quality scientist,Stewart Ltd,4028,4417102266510216,07/33
Albert_Larsen,Data scientist,"Burnett, Butler and Moore",4114,6011665807569136,12/30
Paul_Anderson,"Teacher, special educational needs","Johnson, Baldwin and Deleon",6535,4401682255314453664,08/24
Terri_Ross,"Investment banker, operational",Francis-Schneider,3479,180016317694485,06/28
William_Melendez,Mechanical engineer,"Cannon, Clay and Hall",3662,6011188728004737,10/32
Cheyenne_Hall,Production manager,Bell Group,6877,36632709339053,01/30
William_Sutton,Psychiatrist,"Williams, Estrada and Horton",4268,4005985494021680334,10/32
Devin_Gonzalez,Printmaker,Brown-Graham,5344,4814219403816527,07/26
Jordan_Thompson,Writer,French-Lopez,5551,213144634478050,08/26
Elijah_Campbell,"Lecturer, further education","Collins, Chapman and Smith",9489,180085826824941,11/26
Emily_Prince,Professor Emeritus,Coleman and Sons,7889,374452703621442,11/24
Nancy_Haney,Lexicographer,Campbell Inc,4063,2278440366059946,08/31
Jeffery_Ritter,"Engineer, civil (contracting)",Jones-Bradshaw,3175,2268564200061156,11/29
Kelly_Rodriguez,Horticultural consultant,Hampton and Sons,1115,3572992595943028,06/26
Sharon_Moore,Graphic designer,Frazier-Howell,3338,4213304864478,03/30
Tammy_Holt,Artist,Walters Group,3371,4316097028873929013,10/32
Sabrina_Wallace,Media buyer,Powell and Sons,9452,3581524413779448,06/31
Jasmine_Wiggins,Soil scientist,Finley-Wright,2411,4590087032118932,12/33
Lisa_Martin,"Loss adjuster, chartered","Stephens, Juarez and James",7777,379242632222767,04/26
Michael_Harris,Jewellery designer,"Brown, Gibson and Jones",7972,373437479946942,04/28
Mrs._Melinda_Mills,"Production designer, theatre/television/film",Sherman-Frye,8780,38886563985314,02/30
Jason_Mitchell,"Presenter, broadcasting",Brown-Wilson,9659,4254674045793,01/30
Alisha_Gray,"Geneticist, molecular","Marshall, Thomas and Perez",8479,36254803093427,09/27
Mrs._Dana_Sanchez,Horticultural consultant,Hodges-Clark,6010,370992341570687,12/31
David_Carroll,Furniture designer,Hansen Ltd,6501,060404369989,12/29
John_Strong,Biomedical scientist,Estes-Castro,6307,639023180537,10/26
Christina_Pratt,Consulting civil engineer,Chavez Group,1567,4073960457306821730,10/32
Jessica_Allen,Information officer,Edwards-Williams,8494,30212380619994,11/26
Lance_Williams,Manufacturing engineer,"Williams, Porter and Grant",4980,4493356501919,09/30
Matthew_Mitchell,Surgeon,Richardson PLC,6685,30563446457393,08/31
Eric_Anderson,"Development worker, international aid","Olson, Wright and Reid",8246,213156805225151,04/27
Kelly_Garcia,Retail merchandiser,West and Sons,6547,4616970596541822708,02/32
Rebecca_Rios,"Psychologist, clinical","Hanna, Riggs and Leonard",3926,6592484743572270,10/27
Tina_Thompson,Public relations officer,Rodriguez-Cisneros,7502,180092598320736,05/31
Sherri_Middleton,IT consultant,Morgan LLC,9309,213179004648999,10/31
Brandi_Carlson,"Surveyor, insurance",Cruz-Matthews,1730,4958210544453,09/24
Danielle_Carter,Forest/woodland manager,Roberts-Smith,5887,3555472997408301,03/28
Kelly_Boyer,Midwife,Young and Sons,3210,675953057998,05/32
Amanda_Ray,Pensions consultant,"Brown, Mitchell and Ellis",9037,6011417169626819,10/30
Kelli_Hansen,"Geneticist, molecular",Mitchell-Marks,1173,4241789326945812,09/30
Sydney_Arnold,"Clinical scientist, histocompatibility and immunogenetics","Coleman, Lopez and Morgan",1407,630413053558,12/30
Steven_Morales,Personnel officer,Perez-Johnson,5817,639068563472,04/30
Amanda_Kirby,Farm manager,Rivers Ltd,7955,342250149567214,12/25
Melissa_Rodriguez,Charity fundraiser,"Miller, Bailey and Powell",5367,3589052481159915,10/29
Joseph_Reid,Accommodation manager,"Fields, Villarreal and Davis",2422,4151824061599,11/29
Helen_Pena,Structural engineer,Becker-Gonzales,6699,3508841537928911,09/27
Amanda_Long,Fine artist,Mccall-Torres,7165,4231472158906861,11/30
Devin_Williams,Occupational psychologist,"Jensen, Roberts and Bishop",5811,6577202846580878,02/31
Kevin_Pittman,Financial manager,Hicks-Joseph,3686,6011443700480748,07/31
Jordan_Cobb,"Surveyor, building control",Williams-Mccullough,6793,6011901240341746,11/31
Ryan_Sullivan,Professor Emeritus,Buchanan-Baker,9216,560921322965,05/29
Gina_Andrews,Special effects artist,Martinez and Sons,4782,2281022197210347,03/32
Francisco_Miller,Aid worker,Diaz Ltd,7376,4497696826589,05/24
Richard_Simon,Medical physicist,"Mercado, Rodriguez and Olson",7684,340322005407744,02/25
Clarence_Hall,Fast food restaurant manager,"Torres, Fernandez and King",4041,4112197046599172,08/27
Ashley_Hughes,"Development worker, community",Cunningham Inc,4714,4645009783979424,05/32
Sarah_Norman,Race relations officer,Martin-Alexander,7401,4022585193440465629,11/27
Pam_Schwartz,Civil Service administrator,Palmer Group,8360,4850140414016,05/29
Timothy_Wells,Television camera operator,"Padilla, Stokes and Stephens",3217,180060524703184,02/31
Daniel_Hogan,"Runner, broadcasting/film/video",Williams PLC,2748,2288657126551049,11/27
Joshua_Simmons,"Presenter, broadcasting",Coleman-Rodriguez,1171,4268013701802887817,05/29
Aaron_Joyce,Commercial horticulturist,Stone-Walker,4027,3517818431127500,05/28
Sean_Petty,Therapeutic radiographer,Jimenez Inc,6090,6577419746399452,09/26
Michael_Baker,Legal executive,"Powell, Sullivan and Hancock",9148,4341214432813951,07/31
Austin_Scott,"Designer, interior/spatial",Thompson-Taylor,5210,4805184423309971,05/25
Cynthia_Meyer,Nutritional therapist,"Harper, Reeves and Steele",7893,180043915400149,03/28
Sarah_Phillips,Information systems manager,Graham-Smith,8294,4363903549197828,10/29
Donald_Garrett,Occupational therapist,Bartlett-Odom,9013,4089208009141719831,05/32
Jorge_Glenn,Education administrator,Johnston-Harvey,3470,502094436222,08/24
Ebony_Cruz,Magazine features editor,Simpson-Williams,2498,343786635253214,04/28
Wayne_Brown,Fine artist,"Andersen, Williams and Brown",5235,30387848042797,03/32
George_Garrett_III,"Presenter, broadcasting",Brown-Miller,2151,4304884126360,12/32
Dawn_Wood,"Surveyor, minerals",Velez-Meza,8605,373630964822541,12/31
Jennifer_Leonard,Farm manager,"Brandt, Lambert and Gallagher",9709,346421176281807,09/26
Andrew_Wright,Web designer,"Stark, Rogers and Keller",6784,502081538667,09/33
Chelsea_Fuller,"Engineer, production",Martin-Calhoun,3667,3521010993700544,11/29
Christopher_Warner,"Copywriter, advertising","Moore, Smith and Perry",7046,6574624487027872,04/29
Linda_Anderson,Communications engineer,Ward-Chase,4446,4577786645963,07/32
Jodi_Powers,Graphic designer,Horton-Dunn,7191,30322077906701,12/29
Martin_Ferguson,Conference centre manager,"Wyatt, Santana and Santiago",2370,503829112112,01/32
Mrs._Stephanie_Chase,Publishing copy,Green-Lee,4813,4218472336491312,10/27
William_Day,Psychiatrist,"Graham, Odom and Lee",8105,576003195681,07/27
Daniel_Ross,Investment analyst,Hall PLC,1957,6512421443162017,07/26
Katherine_Cline,Fine artist,Thompson-Williams,5877,4281558507384336,12/29
Becky_Holmes,Sales executive,Miller-Thompson,3286,344546205756908,09/33
Claudia_Owens,Metallurgist,"Nelson, Sandoval and Meadows",1372,30229179760243,03/30
Amy_Howard,Clinical cytogeneticist,Smith Ltd,9532,2221947108127912,07/28
Juan_Martinez,"Producer, television/film/video",Rubio LLC,3874,4353484939960713603,06/27
Angela_Smith,"Designer, ceramics/pottery",Clay-Gonzales,2191,2286244151815144,05/31
Matthew_Michael,"Engineer, maintenance",Bray-Bond,4258,6530077072307063,03/33
Carolyn_Hunter,Land,Turner LLC,7651,2720937571820289,12/30
Ian_Jackson,Corporate treasurer,"Ingram, Werner and Pena",1670,4520958827050,09/28
John_Larsen,Commissioning editor,"Berg, Martin and Glover",7946,3541740897485505,03/24
Matthew_Koch,Paediatric nurse,"Johnson, Elliott and Green",3676,30325443701839,08/26
Whitney_Walker,"Lecturer, further education","Rhodes, Wang and Douglas",7217,4781748957800163,07/31
Wendy_Tate,Emergency planning/management officer,Garrett-Short,3176,180084690665720,08/28
Steven_Nguyen,Television floor manager,Riley Inc,2036,213159086807697,06/31
David_Morgan,"Journalist, magazine","Camacho, Becker and Bennett",3641,6011133787131195,09/32
Teresa_Johnson,"Journalist, broadcasting",Bailey-Ramos,2323,4070108940738650578,12/31
Karen_Barnett,"Radiographer, diagnostic","Serrano, Graves and Osborne",1489,4244672418238365226,02/24
Karen_Burke,Trade mark attorney,Mcmahon-Gomez,6042,503886389132,10/28
Robert_Sellers,Art therapist,Townsend-King,4605,4004048979593,11/33
Kayla_Mitchell,"Psychologist, forensic",Trevino and Sons,3381,3521633371168370,08/29
Tracey_Bishop,Corporate investment banker,Smith-Brown,8985,30431016295058,06/26
Joseph_Wilson,"Therapist, horticultural",Berry and Sons,3936,4896812613929401896,11/32
Timothy_Hall,"Administrator, education",Carey Group,4585,4913982614981964,04/26
